Role,HTML/Frontend,PHP/Backend,Python/Backend,SQL/Database,Cluster_Size
Junior / Novice,0.44990208333333337,0.23348958333333347,0.35534583333333336,0.08583125000000014,48
I-Shaped (Specialists),0.2845724137931034,0.2641896551724138,0.43145517241379305,0.8444896551724138,29
T-Shaped (Balanced),0.9070523076923075,0.910147692307692,0.9290492307692308,0.9108261538461538,65
